{
    "loss": 0.3121560215950012,
    "accuracy": 0.9137930870056152
}